{
  "SafeScale-MATD3": {
    "tail20_mean": -13623.78284177093,
    "tail40_mean": -13457.08624790311,
    "best_tail40": -8253.848049792154
  },
  "MA-TD3": {
    "tail20_mean": -20483.09743127786,
    "tail40_mean": -20039.351450048318,
    "best_tail40": -14828.50343794577
  },
  "diff_tail40": 6582.265202145209
}